steps,validation_loss,accuracy
36000,0.7640909552574158,0.66892
72000,0.7311548590660095,0.68264
109000,0.7690789699554443,0.68718
